Home Team,Road Team,Date
Cleveland Browns,New York Jets,"August 3, 2023"
New England Patriots,Houston Texans,"August 10, 2023"
Seattle Seahawks,Minnesota Vikings,"August 10, 2023"
Cincinnati Bengals,Green Bay Packers,"August 11, 2023"
Detroit Lions,New York Giants,"August 11, 2023"
Miami Dolphins,Atlanta Falcons,"August 11, 2023"
Tampa Bay Buccaneers,Pittsburgh Steelers,"August 11, 2023"
Cleveland Browns,Washington Commanders,"August 11, 2023"
Arizona Cardinals,Denver Broncos,"August 11, 2023"
Buffalo Bills,Indianapolis Colts,"August 12, 2023"
Chicago Bears,Tennessee Titans,"August 12, 2023"
Carolina Panthers,New York Jets,"August 12, 2023"
Dallas Cowboys,Jacksonville Jaguars,"August 12, 2023"
Baltimore Ravens,Philadelphia Eagles,"August 12, 2023"
Los Angeles Rams,Los Angeles Chargers,"August 12, 2023"
New Orleans Saints,Kansas City Chiefs,"August 13, 2023"
Las Vegas Raiders,San Francisco 49ers,"August 13, 2023"
Philadelphia Eagles,Cleveland Browns,"August 17, 2023"
New York Giants,Carolina Panthers,"August 18, 2023"
Atlanta Falcons,Cincinnati Bengals,"August 18, 2023"
Detroit Lions,Jacksonville Jaguars,"August 19, 2023"
Houston Texans,Miami Dolphins,"August 19, 2023"
Pittsburgh Steelers,Buffalo Bills,"August 19, 2023"
Indianapolis Colts,Chicago Bears,"August 19, 2023"
New York Jets,Tampa Bay Buccaneers,"August 19, 2023"
Arizona Cardinals,Kansas City Chiefs,"August 19, 2023"
Green Bay Packers,New England Patriots,"August 19, 2023"
Minnesota Vikings,Tennessee Titans,"August 19, 2023"
San Francisco 49ers,Denver Broncos,"August 19, 2023"
Los Angeles Rams,Las Vegas Raiders,"August 19, 2023"
Seattle Seahawks,Dallas Cowboys,"August 19, 2023"
Los Angeles Chargers,New Orleans Saints,"August 20, 2023"
Washington Commanders,Baltimore Ravens,"August 21, 2023"
Atlanta Falcons,Pittsburgh Steelers,"August 24, 2023"
Philadelphia Eagles,Indianapolis Colts,"August 24, 2023"
Carolina Panthers,Detroit Lions,"August 25, 2023"
Tennessee Titans,New England Patriots,"August 25, 2023"
San Francisco 49ers,Los Angeles Chargers,"August 25, 2023"
Chicago Bears,Buffalo Bills,"August 26, 2023"
Green Bay Packers,Seattle Seahawks,"August 26, 2023"
Kansas City Chiefs,Cleveland Browns,"August 26, 2023"
Minnesota Vikings,Arizona Cardinals,"August 26, 2023"
Washington Commanders,Cincinnati Bengals,"August 26, 2023"
New York Giants,New York Jets,"August 26, 2023"
Jacksonville Jaguars,Miami Dolphins,"August 26, 2023"
Tampa Bay Buccaneers,Baltimore Ravens,"August 26, 2023"
Dallas Cowboys,Las Vegas Raiders,"August 26, 2023"
Denver Broncos,Los Angeles Rams,"August 26, 2023"
New Orleans Saints,Houston Texans,"August 27, 2023"
Kansas City Chiefs,Detroit Lions,"September 7, 2023"
Atlanta Falcons,Carolina Panthers,"September 10, 2023"
Cleveland Browns,Cincinnati Bengals,"September 10, 2023"
Indianapolis Colts,Jacksonville Jaguars,"September 10, 2023"
Minnesota Vikings,Tampa Bay Buccaneers,"September 10, 2023"
New Orleans Saints,Tennessee Titans,"September 10, 2023"
Pittsburgh Steelers,San Francisco 49ers,"September 10, 2023"
Baltimore Ravens,Houston Texans,"September 10, 2023"
Washington Commanders,Arizona Cardinals,"September 10, 2023"
Chicago Bears,Green Bay Packers,"September 10, 2023"
Denver Broncos,Las Vegas Raiders,"September 10, 2023"
New England Patriots,Philadelphia Eagles,"September 10, 2023"
Los Angeles Chargers,Miami Dolphins,"September 10, 2023"
Seattle Seahawks,Los Angeles Rams,"September 10, 2023"
New York Giants,Dallas Cowboys,"September 10, 2023"
New York Jets,Buffalo Bills,"September 11, 2023"
Philadelphia Eagles,Minnesota Vikings,"September 14, 2023"
Atlanta Falcons,Green Bay Packers,"September 17, 2023"
Buffalo Bills,Las Vegas Raiders,"September 17, 2023"
Cincinnati Bengals,Baltimore Ravens,"September 17, 2023"
Detroit Lions,Seattle Seahawks,"September 17, 2023"
Houston Texans,Indianapolis Colts,"September 17, 2023"
Jacksonville Jaguars,Kansas City Chiefs,"September 17, 2023"
Tennessee Titans,Los Angeles Chargers,"September 17, 2023"
Tampa Bay Buccaneers,Chicago Bears,"September 17, 2023"
Arizona Cardinals,New York Giants,"September 17, 2023"
Los Angeles Rams,San Francisco 49ers,"September 17, 2023"
Dallas Cowboys,New York Jets,"September 17, 2023"
Denver Broncos,Washington Commanders,"September 17, 2023"
New England Patriots,Miami Dolphins,"September 17, 2023"
Carolina Panthers,New Orleans Saints,"September 18, 2023"
Pittsburgh Steelers,Cleveland Browns,"September 18, 2023"
San Francisco 49ers,New York Giants,"September 21, 2023"
Cleveland Browns,Tennessee Titans,"September 24, 2023"
Detroit Lions,Atlanta Falcons,"September 24, 2023"
Green Bay Packers,New Orleans Saints,"September 24, 2023"
Jacksonville Jaguars,Houston Texans,"September 24, 2023"
Miami Dolphins,Denver Broncos,"September 24, 2023"
Minnesota Vikings,Los Angeles Chargers,"September 24, 2023"
New York Jets,New England Patriots,"September 24, 2023"
Baltimore Ravens,Indianapolis Colts,"September 24, 2023"
Washington Commanders,Buffalo Bills,"September 24, 2023"
Seattle Seahawks,Carolina Panthers,"September 24, 2023"
Arizona Cardinals,Dallas Cowboys,"September 24, 2023"
Kansas City Chiefs,Chicago Bears,"September 24, 2023"
Las Vegas Raiders,Pittsburgh Steelers,"September 24, 2023"
Tampa Bay Buccaneers,Philadelphia Eagles,"September 25, 2023"
Cincinnati Bengals,Los Angeles Rams,"September 25, 2023"
Green Bay Packers,Detroit Lions,"September 28, 2023"
Jacksonville Jaguars,Atlanta Falcons,"October 1, 2023"
Buffalo Bills,Miami Dolphins,"October 1, 2023"
Carolina Panthers,Minnesota Vikings,"October 1, 2023"
Chicago Bears,Denver Broncos,"October 1, 2023"
Cleveland Browns,Baltimore Ravens,"October 1, 2023"
Indianapolis Colts,Los Angeles Rams,"October 1, 2023"
Houston Texans,Pittsburgh Steelers,"October 1, 2023"
New Orleans Saints,Tampa Bay Buccaneers,"October 1, 2023"
Tennessee Titans,Cincinnati Bengals,"October 1, 2023"
Philadelphia Eagles,Washington Commanders,"October 1, 2023"
Los Angeles Chargers,Las Vegas Raiders,"October 1, 2023"
Dallas Cowboys,New England Patriots,"October 1, 2023"
San Francisco 49ers,Arizona Cardinals,"October 1, 2023"
New York Jets,Kansas City Chiefs,"October 1, 2023"
New York Giants,Seattle Seahawks,"October 2, 2023"
Washington Commanders,Chicago Bears,"October 5, 2023"
Buffalo Bills,Jacksonville Jaguars,"October 8, 2023"
Atlanta Falcons,Houston Texans,"October 8, 2023"
Indianapolis Colts,Tennessee Titans,"October 8, 2023"
Detroit Lions,Carolina Panthers,"October 8, 2023"
Miami Dolphins,New York Giants,"October 8, 2023"
New England Patriots,New Orleans Saints,"October 8, 2023"
Pittsburgh Steelers,Baltimore Ravens,"October 8, 2023"
Arizona Cardinals,Cincinnati Bengals,"October 8, 2023"
Los Angeles Rams,Philadelphia Eagles,"October 8, 2023"
Denver Broncos,New York Jets,"October 8, 2023"
Minnesota Vikings,Kansas City Chiefs,"October 8, 2023"
San Francisco 49ers,Dallas Cowboys,"October 8, 2023"
Las Vegas Raiders,Green Bay Packers,"October 9, 2023"
Kansas City Chiefs,Denver Broncos,"October 12, 2023"
Tennessee Titans,Baltimore Ravens,"October 15, 2023"
Atlanta Falcons,Washington Commanders,"October 15, 2023"
Chicago Bears,Minnesota Vikings,"October 15, 2023"
Cincinnati Bengals,Seattle Seahawks,"October 15, 2023"
Cleveland Browns,San Francisco 49ers,"October 15, 2023"
Houston Texans,New Orleans Saints,"October 15, 2023"
Jacksonville Jaguars,Indianapolis Colts,"October 15, 2023"
Miami Dolphins,Carolina Panthers,"October 15, 2023"
Tampa Bay Buccaneers,Detroit Lions,"October 15, 2023"
Las Vegas Raiders,New England Patriots,"October 15, 2023"
New York Jets,Philadelphia Eagles,"October 15, 2023"
Los Angeles Rams,Arizona Cardinals,"October 15, 2023"
Buffalo Bills,New York Giants,"October 15, 2023"
Los Angeles Chargers,Dallas Cowboys,"October 16, 2023"
New Orleans Saints,Jacksonville Jaguars,"October 19, 2023"
Chicago Bears,Las Vegas Raiders,"October 22, 2023"
Indianapolis Colts,Cleveland Browns,"October 22, 2023"
New England Patriots,Buffalo Bills,"October 22, 2023"
New York Giants,Washington Commanders,"October 22, 2023"
Baltimore Ravens,Detroit Lions,"October 22, 2023"
Tampa Bay Buccaneers,Atlanta Falcons,"October 22, 2023"
Los Angeles Rams,Pittsburgh Steelers,"October 22, 2023"
Seattle Seahawks,Arizona Cardinals,"October 22, 2023"
Denver Broncos,Green Bay Packers,"October 22, 2023"
Kansas City Chiefs,Los Angeles Chargers,"October 22, 2023"
Philadelphia Eagles,Miami Dolphins,"October 22, 2023"
Minnesota Vikings,San Francisco 49ers,"October 23, 2023"
Buffalo Bills,Tampa Bay Buccaneers,"October 26, 2023"
Carolina Panthers,Houston Texans,"October 29, 2023"
Indianapolis Colts,New Orleans Saints,"October 29, 2023"
Dallas Cowboys,Los Angeles Rams,"October 29, 2023"
Green Bay Packers,Minnesota Vikings,"October 29, 2023"
Miami Dolphins,New England Patriots,"October 29, 2023"
New York Giants,New York Jets,"October 29, 2023"
Tennessee Titans,Atlanta Falcons,"October 29, 2023"
Pittsburgh Steelers,Jacksonville Jaguars,"October 29, 2023"
Washington Commanders,Philadelphia Eagles,"October 29, 2023"
Seattle Seahawks,Cleveland Browns,"October 29, 2023"
Arizona Cardinals,Baltimore Ravens,"October 29, 2023"
Denver Broncos,Kansas City Chiefs,"October 29, 2023"
San Francisco 49ers,Cincinnati Bengals,"October 29, 2023"
Los Angeles Chargers,Chicago Bears,"October 29, 2023"
Detroit Lions,Las Vegas Raiders,"October 30, 2023"
Pittsburgh Steelers,Tennessee Titans,"November 2, 2023"
Kansas City Chiefs,Miami Dolphins,"November 5, 2023"
Atlanta Falcons,Minnesota Vikings,"November 5, 2023"
Cleveland Browns,Arizona Cardinals,"November 5, 2023"
Green Bay Packers,Los Angeles Rams,"November 5, 2023"
Houston Texans,Tampa Bay Buccaneers,"November 5, 2023"
New Orleans Saints,Chicago Bears,"November 5, 2023"
New England Patriots,Washington Commanders,"November 5, 2023"
Baltimore Ravens,Seattle Seahawks,"November 5, 2023"
Carolina Panthers,Indianapolis Colts,"November 5, 2023"
Philadelphia Eagles,Dallas Cowboys,"November 5, 2023"
Las Vegas Raiders,New York Giants,"November 5, 2023"
Cincinnati Bengals,Buffalo Bills,"November 5, 2023"
New York Jets,Los Angeles Chargers,"November 6, 2023"
Chicago Bears,Carolina Panthers,"November 9, 2023"
New England Patriots,Indianapolis Colts,"November 12, 2023"
Cincinnati Bengals,Houston Texans,"November 12, 2023"
Jacksonville Jaguars,San Francisco 49ers,"November 12, 2023"
Minnesota Vikings,New Orleans Saints,"November 12, 2023"
Pittsburgh Steelers,Green Bay Packers,"November 12, 2023"
Baltimore Ravens,Cleveland Browns,"November 12, 2023"
Tampa Bay Buccaneers,Tennessee Titans,"November 12, 2023"
Arizona Cardinals,Atlanta Falcons,"November 12, 2023"
Los Angeles Chargers,Detroit Lions,"November 12, 2023"
Dallas Cowboys,New York Giants,"November 12, 2023"
Seattle Seahawks,Washington Commanders,"November 12, 2023"
Las Vegas Raiders,New York Jets,"November 12, 2023"
Buffalo Bills,Denver Broncos,"November 13, 2023"
Baltimore Ravens,Cincinnati Bengals,"November 16, 2023"
Carolina Panthers,Dallas Cowboys,"November 19, 2023"
Cleveland Browns,Pittsburgh Steelers,"November 19, 2023"
Detroit Lions,Chicago Bears,"November 19, 2023"
Green Bay Packers,Los Angeles Chargers,"November 19, 2023"
Houston Texans,Arizona Cardinals,"November 19, 2023"
Jacksonville Jaguars,Tennessee Titans,"November 19, 2023"
Miami Dolphins,Las Vegas Raiders,"November 19, 2023"
Washington Commanders,New York Giants,"November 19, 2023"
San Francisco 49ers,Tampa Bay Buccaneers,"November 19, 2023"
Buffalo Bills,New York Jets,"November 19, 2023"
Los Angeles Rams,Seattle Seahawks,"November 19, 2023"
Denver Broncos,Minnesota Vikings,"November 19, 2023"
Kansas City Chiefs,Philadelphia Eagles,"November 20, 2023"
Detroit Lions,Green Bay Packers,"November 23, 2023"
Dallas Cowboys,Washington Commanders,"November 23, 2023"
Seattle Seahawks,San Francisco 49ers,"November 23, 2023"
New York Jets,Miami Dolphins,"November 24, 2023"
Atlanta Falcons,New Orleans Saints,"November 26, 2023"
Cincinnati Bengals,Pittsburgh Steelers,"November 26, 2023"
Indianapolis Colts,Tampa Bay Buccaneers,"November 26, 2023"
Houston Texans,Jacksonville Jaguars,"November 26, 2023"
New York Giants,New England Patriots,"November 26, 2023"
Tennessee Titans,Carolina Panthers,"November 26, 2023"
Arizona Cardinals,Los Angeles Rams,"November 26, 2023"
Denver Broncos,Cleveland Browns,"November 26, 2023"
Philadelphia Eagles,Buffalo Bills,"November 26, 2023"
Las Vegas Raiders,Kansas City Chiefs,"November 26, 2023"
Los Angeles Chargers,Baltimore Ravens,"November 26, 2023"
Minnesota Vikings,Chicago Bears,"November 27, 2023"
Dallas Cowboys,Seattle Seahawks,"November 30, 2023"
New Orleans Saints,Detroit Lions,"December 3, 2023"
New England Patriots,Los Angeles Chargers,"December 3, 2023"
New York Jets,Atlanta Falcons,"December 3, 2023"
Tennessee Titans,Indianapolis Colts,"December 3, 2023"
Pittsburgh Steelers,Arizona Cardinals,"December 3, 2023"
Tampa Bay Buccaneers,Carolina Panthers,"December 3, 2023"
Washington Commanders,Miami Dolphins,"December 3, 2023"
Houston Texans,Denver Broncos,"December 3, 2023"
Philadelphia Eagles,San Francisco 49ers,"December 3, 2023"
Los Angeles Rams,Cleveland Browns,"December 3, 2023"
Green Bay Packers,Kansas City Chiefs,"December 3, 2023"
Jacksonville Jaguars,Cincinnati Bengals,"December 4, 2023"
Pittsburgh Steelers,New England Patriots,"December 7, 2023"
Atlanta Falcons,Tampa Bay Buccaneers,"December 10, 2023"
Chicago Bears,Detroit Lions,"December 10, 2023"
Cincinnati Bengals,Indianapolis Colts,"December 10, 2023"
Cleveland Browns,Jacksonville Jaguars,"December 10, 2023"
New Orleans Saints,Carolina Panthers,"December 10, 2023"
New York Jets,Houston Texans,"December 10, 2023"
Baltimore Ravens,Los Angeles Rams,"December 10, 2023"
Las Vegas Raiders,Minnesota Vikings,"December 10, 2023"
San Francisco 49ers,Seattle Seahawks,"December 10, 2023"
Kansas City Chiefs,Buffalo Bills,"December 10, 2023"
Los Angeles Chargers,Denver Broncos,"December 10, 2023"
Dallas Cowboys,Philadelphia Eagles,"December 10, 2023"
Miami Dolphins,Tennessee Titans,"December 11, 2023"
New York Giants,Green Bay Packers,"December 11, 2023"
Las Vegas Raiders,Los Angeles Chargers,"December 14, 2023"
Carolina Panthers,Atlanta Falcons,"December 17, 2023"
Cincinnati Bengals,Minnesota Vikings,"December 17, 2023"
Cleveland Browns,Chicago Bears,"December 17, 2023"
Indianapolis Colts,Pittsburgh Steelers,"December 17, 2023"
Detroit Lions,Denver Broncos,"December 17, 2023"
Green Bay Packers,Tampa Bay Buccaneers,"December 17, 2023"
Miami Dolphins,New York Jets,"December 17, 2023"
New Orleans Saints,New York Giants,"December 17, 2023"
Tennessee Titans,Houston Texans,"December 17, 2023"
Arizona Cardinals,San Francisco 49ers,"December 17, 2023"
Los Angeles Rams,Washington Commanders,"December 17, 2023"
Buffalo Bills,Dallas Cowboys,"December 17, 2023"
Seattle Seahawks,Philadelphia Eagles,"December 17, 2023"
Jacksonville Jaguars,Baltimore Ravens,"December 17, 2023"
New England Patriots,Kansas City Chiefs,"December 18, 2023"
Los Angeles Rams,New Orleans Saints,"December 21, 2023"
Pittsburgh Steelers,Cincinnati Bengals,"December 23, 2023"
Los Angeles Chargers,Buffalo Bills,"December 23, 2023"
Atlanta Falcons,Indianapolis Colts,"December 24, 2023"
Carolina Panthers,Green Bay Packers,"December 24, 2023"
Houston Texans,Cleveland Browns,"December 24, 2023"
Minnesota Vikings,Detroit Lions,"December 24, 2023"
New York Jets,Washington Commanders,"December 24, 2023"
Tennessee Titans,Seattle Seahawks,"December 24, 2023"
Tampa Bay Buccaneers,Jacksonville Jaguars,"December 24, 2023"
Chicago Bears,Arizona Cardinals,"December 24, 2023"
Miami Dolphins,Dallas Cowboys,"December 24, 2023"
Denver Broncos,New England Patriots,"December 24, 2023"
Kansas City Chiefs,Las Vegas Raiders,"December 25, 2023"
Philadelphia Eagles,New York Giants,"December 25, 2023"
San Francisco 49ers,Baltimore Ravens,"December 25, 2023"
Cleveland Browns,New York Jets,"December 28, 2023"
Dallas Cowboys,Detroit Lions,"December 30, 2023"
Buffalo Bills,New England Patriots,"December 31, 2023"
Chicago Bears,Atlanta Falcons,"December 31, 2023"
Indianapolis Colts,Las Vegas Raiders,"December 31, 2023"
Houston Texans,Tennessee Titans,"December 31, 2023"
Jacksonville Jaguars,Carolina Panthers,"December 31, 2023"
New York Giants,Los Angeles Rams,"December 31, 2023"
Philadelphia Eagles,Arizona Cardinals,"December 31, 2023"
Baltimore Ravens,Miami Dolphins,"December 31, 2023"
Tampa Bay Buccaneers,New Orleans Saints,"December 31, 2023"
Washington Commanders,San Francisco 49ers,"December 31, 2023"
Seattle Seahawks,Pittsburgh Steelers,"December 31, 2023"
Denver Broncos,Los Angeles Chargers,"December 31, 2023"
Kansas City Chiefs,Cincinnati Bengals,"December 31, 2023"
Minnesota Vikings,Green Bay Packers,"December 31, 2023"
Carolina Panthers,Tampa Bay Buccaneers,"January 7, 2024"
Cincinnati Bengals,Cleveland Browns,"January 7, 2024"
Indianapolis Colts,Houston Texans,"January 7, 2024"
Arizona Cardinals,Seattle Seahawks,"January 7, 2024"
Detroit Lions,Minnesota Vikings,"January 7, 2024"
Green Bay Packers,Chicago Bears,"January 7, 2024"
Miami Dolphins,Buffalo Bills,"January 7, 2024"
New Orleans Saints,Atlanta Falcons,"January 7, 2024"
New England Patriots,New York Jets,"January 7, 2024"
New York Giants,Philadelphia Eagles,"January 7, 2024"
Tennessee Titans,Jacksonville Jaguars,"January 7, 2024"
Las Vegas Raiders,Denver Broncos,"January 7, 2024"
Baltimore Ravens,Pittsburgh Steelers,"January 7, 2024"
Los Angeles Chargers,Kansas City Chiefs,"January 7, 2024"
San Francisco 49ers,Los Angeles Rams,"January 7, 2024"
Washington Commanders,Dallas Cowboys,"January 7, 2024"
